-- MySQL Script generated by MySQL Workbench
-- 12/18/19 09:39:52
-- Model: New Model    Version: 1.0
-- MySQL Workbench Forward Engineering

SET @OLD_UNIQUE_CHECKS=@@UNIQUE_CHECKS, UNIQUE_CHECKS=0;
SET @OLD_FOREIGN_KEY_CHECKS=@@FOREIGN_KEY_CHECKS, FOREIGN_KEY_CHECKS=0;
SET @OLD_SQL_MODE=@@SQL_MODE, SQL_MODE='TRADITIONAL,ALLOW_INVALID_DATES';

-- -----------------------------------------------------
-- Schema mvc_version2
-- -----------------------------------------------------

-- -----------------------------------------------------
-- Schema mvc_version2
-- -----------------------------------------------------
CREATE SCHEMA IF NOT EXISTS `mvc_version2` DEFAULT CHARACTER SET utf8 ;
USE `mvc_version2` ;

-- -----------------------------------------------------
-- Table `mvc_version2`.`class`
-- -----------------------------------------------------
DROP TABLE IF EXISTS `mvc_version2`.`class` ;

CREATE TABLE IF NOT EXISTS `mvc_version2`.`class` (
  `id` INT NOT NULL AUTO_INCREMENT,
  `title` VARCHAR(45) NULL,
  PRIMARY KEY (`id`))
ENGINE = InnoDB;


-- -----------------------------------------------------
-- Table `mvc_version2`.`student`
-- -----------------------------------------------------
DROP TABLE IF EXISTS `mvc_version2`.`student` ;

CREATE TABLE IF NOT EXISTS `mvc_version2`.`student` (
  `id` INT NOT NULL AUTO_INCREMENT,
  `firstname` VARCHAR(45) NULL,
  `lastname` VARCHAR(45) NULL,
  `sex` VARCHAR(45) NULL,
  `class_id` INT NOT NULL,
  PRIMARY KEY (`id`),
  INDEX `fk_student_class_idx` (`class_id` ASC),
  CONSTRAINT `fk_student_class`
    FOREIGN KEY (`class_id`)
    REFERENCES `mvc_version2`.`class` (`id`)
    ON DELETE CASCADE
    ON UPDATE CASCADE)
ENGINE = InnoDB;


-- -----------------------------------------------------
-- Table `mvc_version2`.`subjects`
-- -----------------------------------------------------
DROP TABLE IF EXISTS `mvc_version2`.`subjects` ;

CREATE TABLE IF NOT EXISTS `mvc_version2`.`subjects` (
  `id` INT NOT NULL AUTO_INCREMENT,
  `title` VARCHAR(45) NULL,
  PRIMARY KEY (`id`))
ENGINE = InnoDB;


-- -----------------------------------------------------
-- Table `mvc_version2`.`student_has_subjects`
-- -----------------------------------------------------
DROP TABLE IF EXISTS `mvc_version2`.`student_has_subjects` ;

CREATE TABLE IF NOT EXISTS `mvc_version2`.`student_has_subjects` (
  `student_id` INT NOT NULL,
  `subjects_id` INT NOT NULL,
  PRIMARY KEY (`student_id`, `subjects_id`),
  INDEX `fk_student_has_subjects_subjects1_idx` (`subjects_id` ASC),
  INDEX `fk_student_has_subjects_student1_idx` (`student_id` ASC),
  CONSTRAINT `fk_student_has_subjects_student1`
    FOREIGN KEY (`student_id`)
    REFERENCES `mvc_version2`.`student` (`id`)
    ON DELETE CASCADE
    ON UPDATE CASCADE,
  CONSTRAINT `fk_student_has_subjects_subjects1`
    FOREIGN KEY (`subjects_id`)
    REFERENCES `mvc_version2`.`subjects` (`id`)
    ON DELETE CASCADE
    ON UPDATE CASCADE)
ENGINE = InnoDB;


SET SQL_MODE=@OLD_SQL_MODE;
SET FOREIGN_KEY_CHECKS=@OLD_FOREIGN_KEY_CHECKS;
SET UNIQUE_CHECKS=@OLD_UNIQUE_CHECKS;

-- -----------------------------------------------------
-- Data for table `mvc_version2`.`class`
-- -----------------------------------------------------
START TRANSACTION;
USE `mvc_version2`;
INSERT INTO `mvc_version2`.`class` (`id`, `title`) VALUES (1, 'WEP2020-A');
INSERT INTO `mvc_version2`.`class` (`id`, `title`) VALUES (2, 'WEP2020-B');
INSERT INTO `mvc_version2`.`class` (`id`, `title`) VALUES (3, 'SNA2020');

COMMIT;


-- -----------------------------------------------------
-- Data for table `mvc_version2`.`student`
-- -----------------------------------------------------
START TRANSACTION;
USE `mvc_version2`;
INSERT INTO `mvc_version2`.`student` (`id`, `firstname`, `lastname`, `sex`, `class_id`) VALUES (1, 'Rith', 'NHEL', 'Male', 1);
INSERT INTO `mvc_version2`.`student` (`id`, `firstname`, `lastname`, `sex`, `class_id`) VALUES (2, 'Borith', 'MEOK', 'Male', 2);
INSERT INTO `mvc_version2`.`student` (`id`, `firstname`, `lastname`, `sex`, `class_id`) VALUES (3, 'Sopheaktra', 'ROS', 'Female', 3);

COMMIT;


-- -----------------------------------------------------
-- Data for table `mvc_version2`.`subjects`
-- -----------------------------------------------------
START TRANSACTION;
USE `mvc_version2`;
INSERT INTO `mvc_version2`.`subjects` (`id`, `title`) VALUES (1, 'PHP Basic');
INSERT INTO `mvc_version2`.`subjects` (`id`, `title`) VALUES (2, 'PHP MVC');
INSERT INTO `mvc_version2`.`subjects` (`id`, `title`) VALUES (3, 'Databases');
INSERT INTO `mvc_version2`.`subjects` (`id`, `title`) VALUES (4, 'illustrator');
INSERT INTO `mvc_version2`.`subjects` (`id`, `title`) VALUES (5, 'Usibility Principle');
INSERT INTO `mvc_version2`.`subjects` (`id`, `title`) VALUES (6, 'Java');

COMMIT;


-- -----------------------------------------------------
-- Data for table `mvc_version2`.`student_has_subjects`
-- -----------------------------------------------------
START TRANSACTION;
USE `mvc_version2`;
INSERT INTO `mvc_version2`.`student_has_subjects` (`student_id`, `subjects_id`) VALUES (1, 1);
INSERT INTO `mvc_version2`.`student_has_subjects` (`student_id`, `subjects_id`) VALUES (1, 2);
INSERT INTO `mvc_version2`.`student_has_subjects` (`student_id`, `subjects_id`) VALUES (1, 3);
INSERT INTO `mvc_version2`.`student_has_subjects` (`student_id`, `subjects_id`) VALUES (1, 5);
INSERT INTO `mvc_version2`.`student_has_subjects` (`student_id`, `subjects_id`) VALUES (2, 4);
INSERT INTO `mvc_version2`.`student_has_subjects` (`student_id`, `subjects_id`) VALUES (2, 6);
INSERT INTO `mvc_version2`.`student_has_subjects` (`student_id`, `subjects_id`) VALUES (2, 3);
INSERT INTO `mvc_version2`.`student_has_subjects` (`student_id`, `subjects_id`) VALUES (3, 1);
INSERT INTO `mvc_version2`.`student_has_subjects` (`student_id`, `subjects_id`) VALUES (3, 2);
INSERT INTO `mvc_version2`.`student_has_subjects` (`student_id`, `subjects_id`) VALUES (3, 5);
INSERT INTO `mvc_version2`.`student_has_subjects` (`student_id`, `subjects_id`) VALUES (3, 6);

COMMIT;

